Id,Price
725,160411.06
15856,199994.42
5480,263817.03
15664,386560.66
14275,144528.89
7633,229424.6
13329,176304.8
5502,220274.78
4220,283128.25
11538,199784.31
15975,280308.72
3310,225482.4
9286,151634.98
11260,178637.86
5214,100863.44
11307,187272.69
13543,377723.5
615,168211.7
3495,209136.1
2321,218763.61
12046,188127.14
16688,141266.4
12694,211242.94
783,151696.75
8968,164117.89
13454,172604.36
12190,255282.42
11160,123416.36
10291,192879.61
891,277152.1
2982,185078.44
3818,244419.81
2449,190264.83
8317,166969.75
4922,184799.53
1257,248095.58
9348,168318.94
4176,187921.95
10704,165563.81
6624,118447.2
5428,183425.52
12749,176392.53
8994,204095.97
11513,142143.34
3047,185305.4
9519,203932.7
12309,262725.62
14081,272793.03
8334,261863.84
6343,178410.05
14788,127359.375
15748,391766.47
153,237122.62
14149,185148.4
269,188443.05
5452,130093.44
721,185403.86
5079,342026.2
2831,115743.305
10614,107739.805
10131,286346.44
9996,255850.83
3061,194454.58
11733,312624.56
3726,232302.14
10929,215198.95
9011,240542.33
16182,334130.03
4976,182749.84
9897,241618.81
1872,169907.66
9205,383617.97
5403,402219.7
14074,203491.48
6268,154820.44
14232,169725.19
8532,234757.86
7034,371977.06
6553,474877.25
3133,167519.75
8596,203100.7
12389,245719.45
14462,176868.66
8860,357423.06
8377,299235.97
6367,339841.6
6917,240792.42
4216,192637.38
5806,169684.55
5438,182542.08
6632,197100.34
2650,152059.12
5396,219754.33
4044,154508.02
1345,244016.34
856,181684.8
12791,266432.8
12499,213032.28
12249,126675.41
14641,139492.5
1919,164528.08
7848,192489.77
10749,172405.12
15554,181769.28
15834,153665.58
1355,166159.94
15451,200754.55
12401,195607.48
10290,168517.33
9462,117088.1
3103,244154.83
3420,133194.11
12262,239451.05
5032,170921.72
8949,289401.94
15567,217331.67
16389,159047.95
7809,93360.21
8990,154736.1
16089,285128.12
12743,104018.75
5132,126475.73
1619,281728.12
2428,99451.8
16741,156645.31
13193,209043.12
12588,536291.3
5067,168181.75
14685,122611.12
2292,186155.42
5746,130307.97
12578,172103.77
14834,164636.55
2147,168178.31
8222,128297.55
10419,276516.22
11492,216534.97
3006,219493.1
8761,204104.88
15371,400361.47
16367,166202.84
6317,270671.4
10878,254756.52
3895,159748.3
8041,235895.97
13428,444581.6
14669,153901.3
1006,177073.42
12271,178157.89
3764,332086.88
7675,195304.4
11709,313983.8
8629,155634.42
1105,374380.44
6096,187048.23
11727,205193.81
5157,187901.23
3679,155449.08
1755,134128.34
7391,198818.7
7425,104418.516
6882,447455.5
10752,338588.72
7472,209403.36
14320,101774.15
9596,164376.61
5317,202508.5
7378,92456.68
16154,183002.17
3464,191413.45
4197,242151.86
9477,121643.18
12705,198580.67
16426,203647.45
1481,69192.3
9946,251659.67
12025,209703.64
5341,218404.58
9923,285506.28
7953,224651.58
11066,259225.33
5037,175773.3
2509,188658.14
4937,334392.97
12089,399480.2
4964,173276.0
16500,283462.0
4625,138734.98
2363,401100.53
8148,191110.05
3804,182958.95
4584,152542.23
10694,121166.82
2691,166171.19
2983,212918.27
13563,324695.8
10747,219987.45
1721,200733.6
2789,270559.4
7214,246600.08
8659,215264.22
5107,340463.62
3843,233183.34
14610,367692.9
15505,169352.61
5060,260154.25
16055,260120.36
14963,195336.12
4118,142150.83
1672,220210.8
3209,176372.84
16515,153134.84
973,176011.11
12529,190504.89
5896,122332.26
5450,335889.1
3249,169271.67
8911,167585.62
5898,211930.86
1024,187587.52
4766,213086.3
15804,177934.89
14303,220774.25
10707,177615.14
6605,209145.69
1138,438407.94
14088,435805.88
9154,182197.77
8190,194070.08
398,291899.3
13302,257353.12
9696,153832.11
16786,127607.57
16230,184940.48
6552,180359.25
923,217388.45
9602,318778.38
5857,283723.84
8120,167325.45
7134,183885.34
11726,163018.14
8069,130908.375
12420,169147.83
8604,178739.72
4854,319194.72
12212,187654.62
12099,361321.75
3882,435375.84
6995,388832.34
10172,213580.12
11672,321747.5
12897,290652.03
16097,176600.11
6779,272535.38
11199,193852.5
10816,298793.3
143,415106.5
5399,251359.72
3286,160413.22
13706,206254.83
1935,395585.47
16000,177077.9
2860,225757.67
11407,160058.86
16378,277571.56
12278,173355.1
3842,162618.58
2692,347292.3
7699,193851.22
6825,325527.16
7268,370943.66
1477,411537.12
9887,172937.1
9436,188560.17
3179,203949.94
1350,499754.1
10643,206881.27
5793,228211.86
11494,447389.1
4206,190345.67
12419,243863.83
8530,233740.27
5985,140866.9
8908,206869.66
256,127094.09
7234,188910.34
5648,199442.62
3014,226825.56
2184,184922.7
9189,258683.05
14884,210536.72
10333,183233.42
15896,139645.86
13269,150787.3
8603,223870.78
15087,188252.69
4344,201423.23
7981,72586.39
10908,223715.61
6190,171828.48
11742,191433.84
9224,147321.03
14667,193623.14
458,191821.08
2464,340260.88
12320,241874.03
278,202508.3
2912,228580.19
6698,211255.22
4510,110163.93
4183,191615.16
5551,296134.12
12187,173668.56
7948,225150.98
10808,182507.34
12432,173170.77
5356,172605.52
8984,516692.22
9203,186204.19
15412,91995.24
12041,129683.586
7644,256870.27
7071,199635.9
10685,171419.19
6763,188946.83
940,141906.36
14959,201267.47
1338,162196.05
5351,143277.67
6524,191374.89
12516,162173.6
3288,283679.78
3146,223481.23
3954,184969.44
11955,175986.38
1211,226467.94
15668,204689.42
1320,94714.24
9108,177402.06
16482,219063.34
5017,139807.95
8290,194568.38
4304,398625.25
1930,189078.0
12530,173357.28
11295,370993.4
3002,153131.34
15483,150351.36
11525,211537.38
13978,127713.516
4885,164445.12
8325,184859.67
3630,126156.9
9165,190993.8
13945,229346.92
10663,196411.5
14803,181783.23
7621,166891.12
8205,232017.34
10387,201213.77
5457,145279.9
10234,373089.44
6251,178486.75
701,263707.28
7930,173128.05
15028,140268.08
12172,78613.68
5805,189445.12
7411,278758.53
14806,211604.31
7890,158821.16
10440,137238.12
14926,176115.25
5381,150285.03
3800,424479.5
10511,241905.81
9324,264183.62
3313,190954.2
7351,147773.31
8459,185529.34
9957,128257.266
12024,231865.55
4380,229663.19
5042,136927.38
13289,144144.39
13407,358164.44
13258,159155.89
15993,277882.06
12525,180925.03
4062,260798.38
12065,241245.78
8227,176888.4
11333,154639.86
2867,132455.61
3319,242044.6
3523,338179.34
7055,201275.05
14930,180357.14
3444,131286.9
2940,317198.16
6935,352394.66
16116,413304.34
13370,247029.34
6103,218218.22
7446,184985.4
1859,180739.9
4079,186112.2
3228,169996.25
9665,147057.1
15957,405118.72
11533,159249.62
2314,124909.164
4096,187321.56
13437,182148.62
5980,204748.48
2008,188192.7
6754,175858.14
4129,157025.31
14557,323995.44
7096,348365.6
14297,251162.88
3967,208183.62
16485,124264.16
13075,332987.7
14289,186719.66
10988,162352.64
3230,144328.55
13250,178026.9
2559,224929.58
7739,355725.06
7213,150753.94
6639,218821.39
3164,299046.22
15207,166527.38
5113,190049.23
3929,142397.45
14493,237810.9
11110,183608.39
2033,199336.98
16057,206843.84
16709,220033.28
14313,150463.03
1028,296589.66
7187,98517.375
3738,323615.34
9869,312919.38
12644,200153.48
3686,124430.4
9196,270079.78
12326,217560.11
4936,194132.22
13314,172957.31
9857,337938.97
519,194117.84
8410,166168.31
1720,176166.0
10341,220924.92
14415,192377.4
10613,283406.2
8027,211883.06
15539,262503.78
7431,271029.62
1370,144396.8
12708,150106.66
2250,223145.47
14758,140048.78
8525,380325.47
1538,255754.67
1142,155773.9
1152,255520.52
9802,183336.47
3331,314127.38
15203,184478.94
4247,177924.7
1976,399728.44
2346,190801.61
10078,245544.4
1938,201438.6
7819,186393.2
2168,249283.92
15634,227807.02
8465,242842.47
9313,154579.06
6539,139018.38
6325,109046.52
13442,282406.16
9967,188703.03
7893,223364.84
2861,204489.6
11031,266955.7
15073,132505.94
13837,167786.5
2524,252129.08
8617,187442.39
13513,175439.6
3081,308748.78
10675,333274.06
1907,87862.04
4872,212945.17
16274,472946.88
11837,228227.64
16577,222206.5
5231,342963.34
11315,188998.0
273,201213.77
8363,248077.78
4255,209358.39
16330,235698.16
11528,179058.28
14799,291844.34
1611,267702.28
9234,180313.83
1633,109702.75
6791,223915.86
11567,410261.44
3070,249656.44
12094,251602.16
14335,282177.34
137,159862.06
7182,158589.4
11718,176564.27
5194,104657.09
97,349678.2
5118,372151.6
13920,306189.5
9952,196793.08
15337,212432.25
10243,214148.5
4048,436533.9
171,163750.81
11378,164950.86
14190,166347.69
15265,156513.81
2740,124260.66
5573,298180.72
4481,200122.16
2631,151085.55
4984,226767.62
16466,172287.45
16716,120345.86
15325,181046.94
10115,173732.75
117,499077.66
5476,106051.15
11757,182826.34
12359,123793.086
15546,171302.56
8133,159338.62
9018,282303.3
2075,172287.62
11170,304538.97
15733,211100.48
9280,146593.52
10734,313425.9
14071,161362.28
7373,234309.75
14736,172513.05
3458,118608.7
6183,172837.77
7825,204331.11
16775,184258.2
5717,176430.0
12397,148958.42
8189,489545.06
4423,211234.1
3994,129616.53
10342,190366.72
10051,182614.47
9453,143304.39
12593,484489.78
1274,89373.85
6933,304637.34
1761,149285.86
7157,343039.62
15169,151568.12
6792,312431.6
13830,181975.27
7240,211312.97
3051,247288.58
6550,126369.36
4603,198975.42
5729,178792.52
13473,353919.06
15104,143466.08
6599,466334.22
2216,245210.83
8721,297386.94
3645,184612.6
8664,219674.34
11001,206423.06
753,161413.33
8129,220990.38
15235,180853.05
3359,224008.02
10424,222702.9
10226,227924.27
9252,199603.19
3008,256554.95
5849,176144.55
8494,177768.36
6764,259740.47
12445,309308.53
11716,184962.88
4508,118875.48
5669,192568.84
11427,118206.664
11065,179174.89
8910,225510.8
16401,164792.45
11913,159408.77
6221,196836.5
10839,187185.97
2809,203715.42
13311,149597.66
6866,189601.16
6019,169315.0
3024,159693.48
1391,248278.17
15904,219323.42
15858,304895.06
9911,255914.95
16579,201951.38
4394,250080.66
1468,461097.56
12965,157084.81
2249,185503.77
14384,150201.94
13040,118428.195
8872,143304.39
12864,239552.03
15712,168549.19
14049,182538.64
1840,115846.75
12019,183353.89
8948,174880.25
15154,212442.0
6943,143502.06
12564,404593.16
12766,145995.23
7255,214050.64
7962,155292.81
709,134394.84
4634,150969.22
889,221827.64
4774,139005.67
13890,163057.69
15431,147374.66
8726,300794.9
10373,143658.27
6413,191502.23
9761,132603.66
15864,161018.34
6147,146587.17
3384,230455.6
320,291316.53
8006,186044.34
14395,173903.4
14976,102594.09
12185,210503.31
4779,123888.23
8551,164842.75
9025,258650.42
10616,212431.8
7475,113254.195
6341,311825.06
14163,143739.5
2211,186303.62
10532,289753.1
14338,136609.0
831,177326.7
3382,166190.3
9209,329571.25
7188,231819.11
7197,207103.14
11270,167094.81
15918,83637.71
6937,475789.78
6178,192355.67
10668,123812.086
1413,252574.6
6884,363788.4
8266,207236.34
14019,203380.73
16764,142831.1
15306,169092.2
3740,179826.39
5298,183114.83
8319,185556.97
4229,175139.0
13429,201554.11
1753,483267.4
860,273968.34
14219,144644.88
12113,208535.61
11309,129581.1
9930,204038.05
10570,202701.73
2839,145726.6
6699,126655.78
16647,128062.945
5325,237593.5
13733,152049.4
7818,384181.03
12505,200809.22
9489,189877.83
10106,185065.69
7864,203315.42
5134,268788.47
11859,169792.64
7440,348756.06
1525,312137.78
7339,185907.77
8,335585.2
3248,121009.42
8995,226148.52
15178,68175.05
8594,162162.61
15770,204315.89
15859,361480.28
1735,311049.25
11410,491257.0
16397,161238.25
3572,143784.38
5501,112085.71
969,178102.22
6977,461820.28
1233,183241.16
4258,171324.64
90,452210.72
16650,180644.7
197,112435.95
12514,240464.73
4367,176450.77
3199,205594.02
5600,200274.5
11641,163720.16
14609,117472.45
12775,147332.11
14240,174824.31
7933,178911.53
6945,329834.06
14006,194388.61
6320,244827.14
12061,188597.67
16369,210035.7
16354,379395.75
3970,332056.9
1048,201103.72
3639,210411.72
14448,191565.97
2812,438755.62
3932,154290.83
14875,299946.3
8883,116900.99
7622,265466.7
7252,132867.34
9751,177018.7
2378,195960.33
6816,252525.39
15358,190262.1
7843,145522.1
10448,387712.66
7840,288543.06
8880,232982.6
12551,346244.34
15470,191312.88
16207,202619.16
12123,130199.83
15247,407061.97
7481,199313.31
16171,363085.06
7461,326662.16
902,219450.89
13094,169719.28
11584,247313.6
4462,185370.86
15576,143432.36
16606,238099.72
5427,295770.03
7725,161980.34
5409,164175.3
12579,126338.17
12013,207552.83
11321,180482.66
9932,149115.39
591,153492.6
10357,194405.89
3336,236875.58
13,189919.45
4809,211873.97
7555,171974.88
15172,341945.12
6989,144625.27
4707,182667.53
2046,247397.25
6495,89610.41
3873,188543.88
7061,198452.7
12112,204086.42
8917,253365.72
7735,151423.19
16442,213746.84
4244,168744.88
3747,211654.92
11086,195631.39
10080,203273.94
15057,280577.0
1331,183613.44
8891,142481.77
13411,222365.08
16730,218943.48
2267,190215.34
3022,195309.11
11190,214148.5
11857,187027.69
9318,182041.97
16512,178639.19
2053,201377.03
13707,110809.21
12143,157555.48
14080,164059.52
6130,184429.08
7936,82806.08
10101,170680.19
5663,194804.03
14811,123879.86
1366,199057.1
908,202296.48
2953,123063.8
14629,146658.12
15096,350474.9
2115,191718.3
11770,163169.22
12701,186971.83
14584,130739.19
1893,389114.72
9501,535370.25
2138,113214.54
9346,206423.06
15960,398514.5
8230,166962.55
13843,213771.69
13810,244071.5
15650,172661.17
9974,135408.44
12200,201083.77
538,218645.89
5334,194833.2
14823,119363.67
4817,169068.39
9041,199871.94
4359,310837.56
4852,220531.56
10141,140205.14
1503,207525.47
16256,409843.16
683,108727.484
14382,175985.66
7248,223567.27
1200,174661.44
3563,180437.89
3681,405193.22
3053,264048.44
4099,211325.25
807,129924.66
4658,311429.34
3535,177507.89
12548,155574.23
10488,204495.86
5851,162415.5
13736,209746.69
875,161826.97
14449,149973.89
3958,337043.53
10727,180282.23
11296,131680.0
13646,261914.3
9599,244729.89
7135,293014.06
5943,337149.66
2695,260039.25
6766,215955.0
5630,175479.28
13586,195826.14
3507,437685.22
10014,143414.44
459,262793.44
3582,220299.22
8560,283409.9
3372,178368.72
13109,241045.53
8160,211811.39
10706,249028.4
9104,326390.6
2870,209092.98
13712,177218.45
13924,128609.23
798,298929.03
9750,409585.78
16248,391307.78
3170,175869.72
12700,230551.0
10601,138824.98
514,212423.55
4010,300760.34
8124,153845.58
10800,176011.19
13628,188425.81
11637,142787.36
781,180733.45
16156,181951.39
12618,251948.03
9766,165833.52
15987,250726.38
11051,327157.62
7673,211358.86
1245,396969.56
2443,154149.2
7413,105370.84
310,143642.98
10921,244558.2
8709,98887.63
12404,331842.2
14986,212934.66
10714,312821.4
14286,205928.14
13828,345136.75
8926,428111.62
12233,187679.08
3913,205126.45
5221,221175.89
14965,89928.33
862,193518.55
13907,138542.25
5418,182590.6
2045,185020.73
13321,190254.84
2762,215898.11
13888,183717.5
14962,128808.086
13305,365729.94
8487,272715.28
7146,157445.36
1134,182026.19
15092,345250.06
13760,253210.2
11958,434652.0
3177,184543.84
11350,217077.02
1524,112657.18
5527,267931.9
2872,202262.17
8602,352289.56
3067,340631.2
10435,217890.08
11222,212529.97
8700,154718.45
10961,219896.75
14305,185713.28
8362,286137.47
4979,155284.42
7180,347858.03
5763,110458.53
2192,226430.94
13581,197367.86
10720,160522.98
1358,229359.45
13366,289880.25
13539,396076.38
12849,189356.39
6794,175107.3
525,435483.38
12223,362543.88
16271,145941.53
5818,130542.5
16588,285792.84
8981,126593.96
16476,125093.75
14663,184658.94
3,137566.53
6615,131549.03
12215,296151.47
304,253119.03
13634,232670.4
9208,180403.86
2175,161767.16
250,198369.72
6045,185769.38
10516,161540.06
1852,470570.12
1573,198627.31
15079,174150.84
5500,176277.19
15775,158554.92
3198,165523.97
6718,195333.2
4149,189988.06
9627,233022.0
7595,323880.12
4538,185058.3
3555,208458.28
10483,352792.16
8834,165116.3
16412,173617.03
6449,155939.44
2767,182596.1
11498,162257.08
16472,142703.12
178,282942.06
10948,181304.39
13313,274908.38
8065,151006.78
102,156412.77
14428,143274.0
11973,131105.47
6663,193214.16
15989,132167.69
10955,436950.62
11772,153231.2
11364,230431.4
7082,161318.56
7749,599669.56
6428,126813.15
6869,101282.13
295,175710.36
12266,261534.66
11129,186129.34
826,317689.6
3262,217933.78
15641,309749.7
1662,486114.8
10926,211687.11
10232,216828.03
6376,177889.11
7817,171909.25
354,197515.38
10076,194326.73
11379,319453.38
10184,129052.336
4696,366244.2
13562,525546.1
5436,185774.61
13196,115995.39
14939,345396.56
14004,196458.06
5916,182518.48
7229,178456.77
9143,159225.72
3440,194181.34
319,169826.39
11683,228495.64
12647,226558.45
12788,152328.17
13662,207176.16
423,265780.75
5222,184229.38
9242,209354.11
2641,190526.94
4855,173277.34
5360,181273.62
9799,163420.36
5526,245637.16
10309,146293.77
2144,383006.12
7191,185762.17
6732,160929.3
14789,156448.25
13525,152064.22
4066,267489.4
16422,207330.25
14890,198785.83
2922,204421.72
3601,117281.54
13416,118278.27
14363,185883.34
9496,304342.1
7115,306613.75
8615,164129.62
5218,65723.84
9493,205975.84
10623,179493.44
2272,130762.875
3352,309568.2
84,177760.39
8086,127713.516
2595,193032.8
3531,154647.73
7460,395109.66
9214,259479.19
2790,192114.67
10548,256157.86
9218,178704.62
7435,181184.62
15780,199269.5
7640,210440.84
6223,182625.52
3425,110905.58
10582,146991.53
702,251115.55
2111,182513.34
11730,186446.81
9865,238441.05
16478,333120.8
1885,221194.67
3956,403701.66
16735,110737.73
15264,193883.56
15971,171699.73
5584,196981.02
15242,181015.69
14358,190969.88
11300,225765.08
5446,178251.73
3934,179440.02
6610,172365.22
10164,274382.5
4646,192171.67
13304,189991.38
1985,203892.16
4746,142787.36
7963,213730.88
14083,276923.6
13140,318268.66
15023,284065.06
13093,230602.4
7160,194472.75
7407,186993.16
16056,184854.33
751,520373.2
6179,76862.29
9137,288066.28
10992,296705.1
5744,440646.78
10884,169868.34
12858,264980.9
13005,298327.44
16714,188007.55
1419,241040.48
6064,204693.8
3771,204922.25
5945,497289.28
8453,71959.08
3806,157505.55
16748,251051.78
11380,227074.69
3107,202137.83
12003,203918.48
14567,213184.0
1079,192472.34
11705,145210.2
7814,204585.7
10174,175111.86
5514,229869.95
5265,236578.92
10520,378123.8
13195,210429.62
14601,402055.94
6012,195005.89
13079,170113.9
9009,131214.62
3122,183885.34
5470,246474.88
4840,166903.48
6270,260103.83
9158,93003.14
10120,129923.74
10672,293916.03
4573,141625.12
12118,295750.3
7447,122982.32
2171,212678.77
6126,284556.7
2836,170129.14
1457,251255.27
11165,212907.81
5923,219580.55
1813,214615.75
3492,252619.36
1917,326391.9
965,429813.5
15795,153389.19
821,206892.83
4568,170572.55
9078,224711.69
11371,127736.31
5149,189464.44
281,187624.42
1918,259577.34
776,133914.8
210,195699.73
10782,179531.66
9653,182207.84
9372,160181.97
5868,169746.12
6176,138585.12
3969,119798.69
7427,157497.23
8544,488083.4
5219,203974.88
16488,134393.38
5855,227853.2
15920,121296.195
4393,433691.16
5770,155308.9
2900,152510.22
8622,87785.11
11610,284937.12
10969,117239.445
11029,179559.06
6193,318286.75
14087,483449.4
13623,158139.48
16689,173196.28
1027,224298.97
949,149939.58
672,115421.01
13832,136828.78
2471,210644.73
8728,276263.56
7742,212094.86
2698,227666.4
9084,177871.66
6075,262712.88
2874,174951.4
13119,122765.41
5010,209513.1
1284,172605.38
1151,170224.52
5110,431358.94
11386,140996.53
8019,221949.39
2859,132936.44
16110,176805.61
16027,288402.06
14902,180399.97
14301,208721.33
2451,206690.55
13596,127966.45
1464,138569.95
7927,363882.2
9638,226140.17
8009,292668.84
11903,170270.86
9243,116667.555
547,187288.25
5511,121040.2
11247,186013.0
15928,390729.7
3434,227988.64
7614,111349.47
1380,198135.75
2770,138658.25
111,175670.03
5994,133490.53
12341,201982.97
2787,253890.66
14410,320728.66
15983,126675.41
14876,219101.67
653,157388.6
2174,248411.86
2575,352919.9
7976,175523.77
5812,328186.62
13589,423082.22
9122,134496.7
8159,460620.66
8754,315500.5
9321,200660.19
13535,175346.55
2083,169238.25
2689,407705.7
2248,234940.69
11649,152741.12
11045,369832.25
1276,98490.72
5962,135799.84
13012,180223.86
4642,177324.25
179,167190.22
15347,434419.34
3339,160366.64
8166,190239.14
11617,168808.0
52,319673.72
4395,201191.98
2183,200334.78
16045,180243.89
15719,180134.48
9864,202511.84
1903,527762.8
13451,178064.03
3640,175651.77
16551,199598.12
2343,160107.06
10528,211037.58
134,198035.66
13966,303570.88
2366,153950.75
1198,230503.2
12627,104751.92
11623,231245.98
8267,123231.734
56,304917.06
2988,267805.1
8843,255471.16
3043,253051.62
16486,334675.44
1241,166660.33
11180,318533.03
1984,191404.9
7364,145908.61
10769,133787.05
16617,245472.69
9007,363567.44
12953,387339.3
11366,184131.52
16483,210864.92
2326,210057.17
14195,151703.19
3484,233396.23
15257,184319.23
11920,235274.39
1359,174975.75
10353,166337.69
15614,127300.74
15101,261312.11
12755,323590.75
6252,186364.2
7485,201607.05
12603,175249.89
5281,413351.6
10708,157496.86
12563,158879.28
4592,198903.05
3390,409560.38
1986,165109.03
5745,129816.984
14108,197720.94
9693,117098.14
669,138009.27
7320,252078.89
10258,149963.73
507,213519.9
10365,171097.1
9363,182792.72
8736,114700.98
15100,207732.52
13420,135898.5
13248,271978.94
1972,359317.3
9258,234372.9
16455,267320.88
6150,209099.19
6283,192839.69
14979,229093.08
13935,177697.9
4985,173848.1
5393,124796.55
1730,139400.62
14129,209823.69
6254,206940.56
4173,410877.03
4910,263251.12
1297,163983.58
3366,134210.34
6044,322717.2
6259,134085.8
3852,113438.09
8723,208672.44
16109,221896.53
3721,212875.86
13453,276669.38
11962,225385.81
12998,152063.05
6886,196047.0
8200,326435.94
51,235584.58
3930,272610.72
6310,201788.94
6112,201213.77
5135,137921.58
7522,308109.34
9825,238091.44
2411,221719.08
14940,387440.62
15970,170496.6
9894,272206.44
2564,185704.94
7095,224339.39
16754,221046.98
16195,143361.05
1770,234909.44
5363,387147.3
11360,242502.02
13034,312073.03
6542,161085.08
15870,222527.31
217,247243.61
6490,268819.3
6692,323453.12
2235,157600.7
16732,276279.0
11499,180522.14
12617,190556.69
9060,262857.34
12017,152659.95
16750,160320.92
12230,161924.48
2158,167824.81
15184,139483.8
2981,194414.03
10281,200661.4
16596,196207.73
6976,447077.28
14680,161047.53
10618,182808.61
271,243875.75
10817,210694.8
1823,451352.88
9549,127331.52
1201,152073.66
2112,213711.08
2951,178526.5
7183,183058.61
11404,130141.84
5473,284020.12
9232,247669.39
3033,332655.5
11002,170352.83
8299,244287.81
15417,197608.78
15612,246454.72
6168,183629.27
13751,186684.2
764,176437.9
12833,93750.336
2009,76309.13
1005,400576.9
10740,175872.06
15323,271666.3
9884,100803.26
6185,302476.97
2311,149310.97
7538,368091.9
6256,194802.38
619,336424.75
1968,197918.55
10168,120348.01
10762,193095.7
12392,155663.5
8877,310145.66
2441,196299.72
4974,206917.27
12450,205116.03
15837,210730.88
5260,197923.77
6591,161667.53
11688,270782.84
9940,190705.84
12070,194583.89
12876,128081.836
6858,208521.7
2385,210645.12
3596,198162.33
13540,130749.17
2077,141171.77
5654,316489.34
14029,232009.94
16140,109364.92
13303,460428.03
7289,163427.55
15226,159416.55
3330,173186.73
15642,275878.25
16217,300767.1
7330,204069.78
3894,113020.484
6719,203491.3
13013,170555.2
15835,221736.5
10873,351924.94
16379,252660.81
10771,250512.28
13943,167632.9
5139,250959.9
5309,182188.48
14227,416751.75
16292,203549.94
14968,218088.66
13277,214765.69
1731,87246.64
7286,140951.19
7455,180939.11
3250,198610.16
1659,182653.64
15806,287590.2
7491,239202.67
1990,230770.4
7769,391214.0
9694,206525.9
11961,215895.44
4669,222332.53
13826,320654.2
1691,234613.28
3986,129708.36
1407,170445.12
5517,166020.61
8432,174108.38
2214,137038.6
10449,169766.44
2941,192948.67
5944,181031.23
1555,233036.2
6105,181258.69
4453,235117.6
5892,246915.14
5000,283016.5
12995,173503.89
8905,195426.27
11440,153548.58
419,265340.56
4712,153021.52
2094,156797.81
4567,159188.11
10717,168592.73
1248,378102.2
12405,185393.17
8331,419696.53
3113,162445.45
6926,303823.97
6777,362606.97
4060,189769.92
11547,265953.5
15199,150665.5
9282,183124.64
16123,289109.44
14094,180802.0
8770,296814.94
1054,292661.75
11363,189887.55
8756,120348.01
4800,162054.77
7620,95839.28
9101,173363.47
13954,252967.11
13600,434854.78
2893,200564.62
763,225935.12
5347,181211.7
12096,104994.3
16333,191834.97
16432,325870.25
3513,99782.695
13494,228608.22
8690,221730.44
7266,170076.83
3472,162519.8
7021,208338.73
12952,218375.83
2774,209465.0
607,211442.05
6897,201884.77
8220,260533.11
8071,163920.22
7091,286234.44
1805,339925.47
3594,200995.3
13103,242270.03
2203,150422.42
12622,175454.88
13270,225768.95
9461,123784.086
7759,129753.27
4256,202784.97
9093,195773.77
6033,283658.12
7734,185798.53
12368,447798.06
11740,212956.23
9907,172520.77
12398,294118.53
6290,219831.69
2882,227293.83
5091,188250.19
7228,246915.14
5953,382959.44
5707,425386.56
10159,189107.22
7813,216377.22
6463,182425.73
7264,152141.2
5405,188685.3
7543,184533.97
13702,208930.38
5538,231703.94
6762,111825.83
9416,189124.86
10415,334945.9
2139,264159.16
13151,189777.69
10301,202411.27
13273,216264.84
7609,118279.47
4884,168613.34
3438,235498.73
2215,185922.2
1723,160595.19
2340,205527.34
3950,328501.66
7312,211164.06
3602,371358.84
12053,142813.17
16240,271644.66
8301,200733.6
14068,188962.5
6216,351505.53
12910,222701.42
7656,395798.34
7854,200001.11
14636,174751.8
12267,285803.9
11334,397214.12
9326,290554.7
5935,176487.12
16132,158017.4
8318,171389.28
5009,175769.38
3883,211537.88
7565,149786.53
7960,130596.24
16736,182028.47
15284,178271.19
4301,228472.33
4273,392568.8
8436,160595.77
2113,387772.22
8469,247077.4
648,212893.39
7526,222569.67
9656,202785.55
516,158993.34
6849,490343.84
7013,232762.53
13741,386021.4
13281,186092.3
12374,274442.88
11855,440309.12
2759,128056.164
6759,116851.33
1667,150273.89
5138,304100.4
2452,146811.7
13027,103346.234
2493,130009.484
9899,143132.53
8151,179910.27
5349,143646.19
3926,273559.8
6394,290333.7
11720,186679.98
578,222585.03
4001,184534.86
13504,202188.38
14836,363652.28
1741,166412.1
1278,194199.36
11890,202282.72
1803,199586.38
11418,198445.48
13693,212621.84
7321,221523.7
12575,161999.34
6966,219725.97
16613,176904.64
3148,442565.72
8920,159478.98
13984,410293.38
802,250906.58
13893,178959.36
2495,161051.36
1695,169590.17
14995,322061.12
10890,258488.7
5282,283799.97
13487,279315.9
16615,351301.97
4545,389889.75
14032,143464.25
15707,263674.22
13931,194106.83
946,181925.94
11500,573830.0
10220,145542.69
2604,199632.52
10761,441356.22
10982,278329.9
11729,196067.02
8152,122794.79
5323,169596.73
9448,152197.92
14935,153467.81
385,297560.97
7039,307825.3
9366,185739.38
15823,250930.11
8993,187616.92
1282,177693.48
437,182449.44
11011,144920.05
10104,179626.66
16321,156385.58
11188,248462.45
14291,168827.3
7781,192516.11
1203,189595.69
3731,234011.78
9037,345726.34
12937,146008.89
5196,204396.53
1746,176392.53
6345,124437.266
7950,278053.1
11552,200602.5
11950,93125.695
4805,395214.5
9152,308905.78
555,339616.6
6765,132248.92
8515,309598.72
13915,181507.61
16036,174150.84
16625,191613.47
11870,268446.12
3304,144488.45
9636,271565.22
5232,417795.6
8878,207232.89
2756,188500.22
5140,132507.16
375,189340.75
7149,215846.5
16353,300746.12
15742,185744.64
5957,170200.19
12580,172244.72
10409,233887.14
13766,175468.97
7778,206392.56
9028,193767.7
14213,187716.16
12691,221203.36
1658,156472.28
15352,214522.47
10670,203161.7
14260,178765.98
8870,196797.84
12054,162747.38
9386,357590.2
14378,309398.9
2080,177924.11
12729,248977.02
932,129316.88
3149,211829.86
245,217118.42
6334,161136.38
11684,346785.8
5099,126338.17
1828,136324.64
13464,193293.33
4023,262892.0
6563,151692.8
13207,187892.33
14075,552196.75
5722,194869.94
2308,251964.11
8169,271975.16
3341,252920.84
7693,72778.03
2549,263139.7
11576,330286.44
8010,260773.84
605,263576.06
1580,218171.36
1588,334020.03
15197,178933.38
190,180644.64
12488,134581.12
12254,221286.47
3991,195315.89
5076,210319.78
3214,138550.22
2348,177447.73
13573,211975.81
14296,183866.47
4207,231778.14
6529,249192.7
16043,167790.92
2508,200661.4
12297,170526.11
10012,201437.11
1874,147565.75
8451,210883.52
16108,216792.1
7200,365295.56
859,341319.2
8415,265629.94
1649,71750.195
6269,360477.34
8350,186075.3
10978,200179.88
16751,160056.5
10133,120372.1
11908,197670.1
15627,126484.695
14923,94460.086
3669,277985.22
8316,123231.734
5702,306084.66
3480,184882.28
11965,193918.22
5869,116081.99
11147,274565.66
6505,176834.08
13797,333300.03
14915,205564.53
8221,177067.67
5873,170856.23
13900,235765.03
13804,261343.33
994,167219.72
2118,189925.67
15158,220703.56
9898,113422.46
3509,466365.03
10228,95733.734
12409,392943.84
9260,221851.44
11462,221800.83
3265,206447.72
54,245462.45
9316,308264.7
16208,285911.8
16582,195514.3
6338,217688.44
699,211909.98
3396,156240.2
13995,182096.86
8971,128979.445
6068,236519.97
7020,179686.05
14015,184232.38
4172,230439.88
12959,427721.38
5659,188259.36
14766,125225.89
14402,184037.44
6611,154833.97
3213,324330.25
13306,183586.92
5966,211483.56
3685,400862.25
10994,219641.86
13564,206241.66
6507,194249.89
3196,270751.1
1771,160494.7
13367,373236.62
1529,122685.42
11128,174966.5
11948,245245.58
3798,154531.36
11443,191562.77
15581,170840.0
15056,270898.3
5114,405755.7
12195,187606.5
2044,295599.97
13169,99247.33
15180,359820.44
15543,150307.92
3770,143197.17
772,270315.28
990,170650.19
5567,214847.06
10805,276920.4
3951,254766.1
9484,174054.77
3867,334276.44
15605,211076.39
3805,276319.66
7254,295050.1
2179,207380.47
12745,193867.12
16545,259745.16
7310,209193.97
8539,175631.27
222,164294.67
14084,364257.88
15453,145207.84
12318,258117.48
7368,339305.47
4027,200971.16
4106,144281.1
506,187882.89
1995,233383.3
7165,215972.23
12615,166205.4
16792,164824.48
221,219555.64
9710,148855.89
4364,149789.33
3379,320681.5
8954,203316.69
16630,160754.84
9624,334346.06
6967,230342.55
8070,204760.27
933,192628.52
8155,241730.52
6771,169118.02
16477,152111.33
675,201209.56
7201,176191.56
8254,175290.45
11325,198690.39
14018,141993.33
5190,386322.06
5505,122982.32
2886,225319.77
6941,96470.73
2668,175461.62
13831,183354.53
11036,273988.3
13691,107092.734
2007,250575.77
6442,144324.53
10010,209853.06
3259,236414.6
14013,185720.14
2261,554083.25
4110,155692.48
13293,123421.93
14931,200191.67
12293,149357.42
16398,292573.56
7132,175305.67
2780,182663.23
5700,215211.19
8186,175547.0
7031,121036.48
11269,401622.66
632,138582.03
6330,313324.2
10905,183277.44
6313,208084.67
13396,183948.1
13414,202988.88
4270,153454.08
926,151719.4
11452,72587.51
16228,493782.66
1781,211577.56
16492,188365.2
14594,179116.45
4485,184258.92
8306,248394.34
2071,189464.05
9895,221196.38
10544,201453.08
11253,382824.25
15213,387321.7
2990,141884.38
4518,276666.25
2766,170495.28
3275,252867.94
14971,176918.52
14863,152616.42
1352,203875.83
3423,177038.95
13021,269707.94
10489,158574.44
12055,258438.66
13089,75674.96
16275,274822.16
4272,164684.44
3204,208300.95
863,328425.56
3289,120583.58
9557,227413.62
14381,218082.39
15208,417430.25
8030,266610.75
8080,127797.875
9876,253473.19
5571,241956.72
5439,209425.86
10689,177868.6
9919,186906.97
7348,277646.16
11686,247527.16
16643,384425.94
164,131092.89
15912,312176.44
14237,194152.17
7965,238250.84
9778,172743.64
14321,147011.81
10617,188726.5
12007,166205.36
1415,103940.484
12912,258526.78
12062,253181.08
7762,205082.16
4381,407706.2
7986,163190.06
10647,267810.6
13452,192446.98
230,267807.06
9285,209399.98
4221,426332.72
16384,170478.19
14645,200426.17
778,196547.02
6633,200372.34
15137,128574.84
62,182798.34
10606,367575.03
7791,114483.86
4161,173549.98
5553,276417.38
9433,76600.16
7363,304994.84
10162,208483.45
9568,212302.83
9901,218188.84
8047,159855.11
12954,141850.31
12479,176804.03
3357,434786.5
15088,164563.38
163,256283.1
988,222824.98
5877,265018.9
1683,213683.69
5206,183859.72
11155,169737.98
15339,180694.84
1590,180779.39
11100,192627.53
11216,179386.83
1624,216559.94
6113,230876.08
2181,311789.06
1023,248119.28
8673,131710.92
1646,265379.62
11608,101763.96
5988,175748.64
14354,243473.72
6369,116746.62
15936,216428.1
13240,354590.44
3481,164808.08
3479,233860.45
1698,359012.84
13154,278191.22
7802,178166.08
9702,182153.36
12895,377437.22
5728,186173.1
10793,220543.55
13529,188652.94
746,185802.77
2610,164664.88
10932,179953.31
15350,271428.78
15692,181694.17
5484,183063.23
15608,200601.8
5253,290441.0
1686,246912.31
10624,469626.66
267,149837.62
3295,312033.75
9481,317135.47
732,248646.67
10022,414230.34
6135,316268.62
7224,239448.34
14887,220105.73
7382,210421.56
3242,129001.54
3106,207444.02
14678,188793.48
6626,218360.45
6576,208048.36
9008,210273.25
2931,265435.12
10023,181327.73
14964,156565.52
796,250252.2
5169,108596.39
1814,143464.25
7372,200992.64
13672,175537.64
4124,213232.1
1095,143161.22
15950,90465.68
817,483874.0
15779,124189.984
11506,242296.95
8689,321817.6
10077,237123.8
10514,216269.84
2198,595022.44
8005,166679.6
625,338529.44
9420,180535.56
10350,209752.55
14494,176762.55
11615,253578.44
93,363613.53
950,223016.48
3325,175408.38
14459,146681.81
16531,181898.55
11228,214561.1
11761,213433.94
12629,212503.05
10339,232205.75
12203,122794.79
16744,240234.03
2786,195316.55
316,126074.36
11424,186354.42
8021,144699.38
12679,381077.66
1871,155604.95
5767,192926.48
4047,323631.0
16235,237697.8
10604,233942.44
1510,237958.64
854,142538.67
1860,197546.81
1593,190997.22
381,175780.08
10375,186107.34
15149,221716.64
11375,211686.17
3912,145548.72
12097,333034.34
16743,221619.02
146,266514.34
5308,127713.516
4125,174306.02
7671,397461.84
12609,108211.195
4353,168616.53
6287,188730.0
2264,323899.9
3457,156287.02
12935,141641.89
8958,178748.47
4532,165274.66
14857,201282.66
11376,206189.23
13713,219099.78
181,219247.38
10858,126585.56
5160,236651.55
6642,177390.61
9312,467180.22
7736,199742.1
4326,241816.58
1802,163373.08
16115,195891.69
16787,319744.84
7107,150803.53
6902,152280.39
8950,372094.62
9922,179835.81
11453,266806.4
10033,188614.02
12131,344872.75
11879,306743.0
8986,145365.58
82,179530.17
7664,178069.97
11116,266684.38
14096,186770.28
11577,223324.8
1908,178247.39
3658,180676.0
6148,180544.0
1324,174634.56
8792,288450.16
5883,418242.44
15245,329116.38
16382,102648.44
2131,203463.83
7581,296916.6
11488,375486.62
6091,264559.7
7295,200816.47
6427,178330.89
4558,73923.77
14436,195793.33
8373,211987.83
917,313187.75
9837,441721.53
5619,148858.97
4530,147262.72
11486,190332.17
8575,167861.25
3540,355212.47
4509,258802.52
4709,164356.95
10148,242461.2
11077,196984.48
609,162521.06
14733,199839.86
10609,164767.33
3616,151253.22
8805,263175.62
13799,216695.48
5886,276640.6
15836,144234.42
11792,133086.84
9404,285527.97
6456,193738.27
2569,122611.12
16727,213672.17
12353,173278.31
9841,228624.67
2725,168053.9
3388,251425.84
9476,185966.27
13550,105298.17
11934,230824.1
3375,184023.58
2932,270039.88
9972,216547.52
876,170879.0
13649,209513.1
13444,321408.9
12748,243814.1
2003,192626.17
2376,214301.12
15961,185374.88
1221,258296.42
7064,240370.14
7799,143923.47
4549,457296.4
11061,181158.69
2132,387571.62
10692,163468.55
14546,366545.7
11088,192059.52
4819,255069.77
13682,141058.97
7127,434962.8
6245,165743.4
10845,155728.52
3285,122775.4
11384,203137.95
10897,180033.62
8533,122583.266
15341,238793.36
3821,152219.53
14130,162014.11
4306,383335.78
113,187476.69
14997,179992.72
1482,175612.28
14780,354998.53
997,243977.4
7991,177227.53
15592,159049.17
11143,207103.61
12472,168954.97
13991,319404.5
13399,328279.6
2588,307965.1
14274,291890.06
11491,353162.12
4755,180274.34
7939,143578.1
1779,154345.62
11924,156648.62
12713,205822.9
12486,393561.25
13149,278367.97
4847,217697.42
7638,319497.9
15228,323867.34
10069,236498.25
2219,338229.16
956,235023.1
13680,128912.12
106,193803.8
13101,105629.15
7540,272807.28
16138,401219.88
4890,329478.3
13752,255091.12
14622,176798.39
7871,181859.36
3957,245207.61
9987,243057.28
8884,181280.16
11715,261153.86
10612,218502.7
12945,196154.4
5034,164445.42
4463,366555.78
3476,193128.78
4846,251843.69
2372,195862.56
2873,199684.16
512,204396.53
16198,201949.88
9155,419208.28
16464,103805.805
6904,186438.19
3151,185995.81
1816,162309.44
16214,288722.06
6264,334661.56
254,171348.6
5848,143304.39
4357,157998.08
14265,146130.66
12235,176352.55
11342,111798.445
6679,202129.38
5377,209604.58
7636,155354.78
12798,163484.12
16349,229705.45
3028,121889.375
12810,403691.94
15064,154592.2
13801,117098.14
13387,239782.72
371,195872.22
1161,123267.56
14593,168140.67
12144,180899.19
5555,422857.6
13493,162945.92
11130,251604.42
8658,132163.1
6491,213667.98
303,188172.23
1897,201045.31
9583,105051.234
4515,150784.52
1411,181783.83
8534,126434.62
7227,196456.3
13478,165744.9
7546,308158.6
2798,101965.16
10267,419806.22
4519,128238.62
12184,204294.06
1895,318105.5
13019,380864.22
8845,262564.28
1929,264414.94
1966,147750.53
5268,94182.66
11402,147878.69
13503,179939.7
14413,165100.73
15419,142352.77
11573,154354.36
270,154982.08
9733,184736.17
2729,215243.95
10123,202871.33
9331,219814.58
4342,132628.78
4248,283899.47
446,195716.27
6677,209491.28
8324,234303.78
9666,490686.12
7303,170363.06
2710,333920.53
3334,167302.0
11464,303838.2
12220,305927.94
14064,160881.28
14350,188034.08
2858,259553.44
13014,359322.7
13732,179931.25
3371,338323.44
5912,231139.03
5881,174244.02
6199,304784.3
7344,185742.22
6180,197658.58
3343,272965.1
12103,193900.11
5177,159019.06
7000,192571.23
3990,211457.94
11689,124459.29
5624,183244.47
7497,103235.12
618,151651.84
6909,201687.95
3346,156826.53
12521,164926.52
11871,342708.5
10610,167442.78
14869,152842.42
2268,126663.98
12058,148483.3
12426,181199.4
10662,146204.69
12512,115445.71
14852,194055.31
10876,152587.45
7720,175415.52
4334,74659.805
12275,292128.28
12228,414050.22
3715,203094.95
9534,236135.58
2333,158510.1
15628,143859.88
5043,195162.23
16704,428985.06
2891,237401.34
14478,176407.23
4429,176018.19
5929,143685.05
1845,148805.6
3001,167042.03
6741,150518.25
2202,149142.47
15490,189376.58
3752,236678.89
4620,224508.53
12795,171490.23
2662,123522.5
12845,183702.03
5604,229777.86
4861,171265.83
8100,267072.16
15990,217291.66
6561,151186.66
14107,122729.35
6274,107770.88
4428,126431.555
3184,208884.73
9247,248427.22
15016,190500.75
6009,203325.23
3190,186309.47
3386,151986.44
11984,178674.58
16215,171319.38
5506,246550.75
10016,187786.38
15394,226665.45
15724,314031.3
9409,141009.05
12634,172406.62
14316,173976.89
8675,181726.0
15231,157398.4
3236,178813.17
10087,215611.44
5018,170415.36
2728,130004.66
8092,187532.4
10698,225664.06
5859,162052.95
4198,85484.086
861,182550.83
7990,354615.1
4009,197448.67
10964,149200.52
2114,273674.0
1139,184593.66
13921,203645.16
15030,117596.72
2122,126718.13
1602,248138.83
15032,428400.78
5694,120794.125
14026,183352.16
1132,192474.02
15469,306184.66
10223,177528.0
3303,301544.3
12655,239749.44
16151,151675.47
14649,175465.38
9533,173246.45
2229,167317.7
7652,343121.62
14523,207192.34
12991,184484.36
4539,176881.19
395,147721.19
4853,273469.4
12082,178068.83
1406,268061.1
7788,182259.98
2143,143304.39
11089,122611.12
16693,164917.75
14701,145780.47
13689,190561.31
4262,233909.84
1046,220914.94
12001,328367.44
10729,175172.3
11822,270034.2
9132,269365.72
14150,212750.95
15217,168411.1
4752,176453.61
5875,165680.22
7873,265288.34
16046,165690.23
321,226629.89
15077,258927.84
9148,270417.66
10272,267656.6
9490,178639.27
5856,199908.69
2436,155097.6
526,206202.23
9067,155679.08
1166,355577.88
13029,196828.44
8264,364501.62
13499,289030.72
14681,239750.34
10625,338909.44
13668,269607.75
4126,246611.22
1527,168425.56
12829,208627.78
6074,127523.195
16629,175517.5
3231,320251.53
6218,145269.08
15050,221208.36
16053,415660.03
16745,152793.47
11336,72834.695
1318,170536.9
7424,140039.61
8102,156932.05
5468,178044.8
9942,335289.47
1001,197903.89
6010,241569.95
7766,189196.8
10266,198700.48
3139,388714.0
4759,191838.5
6760,223862.64
5682,209616.22
1648,239941.61
10363,171193.27
7551,134863.69
12901,143575.77
7938,227678.42
15709,416992.8
9663,191743.8
14868,233548.92
7617,324735.8
5755,432172.06
11519,501998.9
6954,167390.78
7463,309968.3
138,218205.33
1499,226177.25
14579,166952.22
30,176115.25
6991,283074.72
16283,145785.69
15305,442048.4
12736,278703.34
1506,388670.25
4302,163087.77
8170,225768.95
14230,177967.47
14438,261118.94
15974,165811.66
3263,184554.33
11227,188680.1
9355,126152.33
326,184089.19
13155,151907.58
13238,331123.22
2785,327306.88
7047,191671.33
4222,237430.25
14734,106434.78
4224,121143.22
11259,141315.34
6174,125432.695
14057,174636.72
5181,170795.9
5926,233705.19
193,207417.3
12528,160880.17
5128,418545.4
13462,226023.64
5845,157072.98
6872,250146.56
8821,232102.16
5106,158105.23
8164,291097.1
5679,245872.77
2985,165380.02
2106,196374.08
12494,360992.53
15150,164791.14
187,206270.62
15095,210275.19
15289,150186.16
497,182483.38
10048,137267.86
15012,141483.06
11229,190174.73
15927,177966.14
12092,145591.88
11174,222281.78
13967,175395.38
6693,206663.81
92,294161.8
13961,126625.086
16220,414772.94
13333,215864.56
7730,172193.98
15250,130146.85
16392,218084.39
14544,177573.56
7261,199446.67
16105,219245.98
2984,143304.39
3162,234627.02
2260,171098.0
7004,383137.0
452,186686.52
7828,294199.22
626,216466.73
4583,257166.64
3725,117228.945
5894,229424.6
3316,199668.06
6887,184457.62
2492,281843.1
9133,203715.42
15655,251291.95
12639,218206.28
3848,116330.5
11820,202439.1
15254,201289.95
10750,101060.625
1156,315395.78
2910,171147.34
8591,278328.28
14247,209104.22
1425,143621.11
16660,169621.75
1837,220827.14
6461,184883.25
2580,205138.27
1052,145976.73
577,265189.16
2825,250480.8
2746,431545.47
2291,353719.06
10962,269893.2
8547,199521.1
10019,181464.64
756,374893.9
1709,326693.12
9076,305569.66
3211,170686.69
2535,151519.62
10943,288591.9
4830,166390.27
9928,143361.05
16143,202494.86
16784,219022.08
16434,217526.64
436,164691.84
1226,300403.72
1259,341017.56
15299,112814.69
4343,148483.92
14661,177239.45
1988,207543.38
10173,171026.03
11746,193420.14
8412,162111.19
9281,150752.08
6246,164128.78
5440,180700.86
15301,228767.48
1223,198783.77
2714,303801.62
3077,95716.12
5549,195123.12
16626,303380.97
382,152593.55
5635,78590.234
186,217706.7
4839,123100.555
433,253548.5
7210,118154.96
15243,282419.3
9993,232845.17
7529,111492.62
14506,153203.7
5807,189066.81
2373,213556.16
13618,88306.05
9908,168627.73
5404,209714.23
11023,163204.1
9678,172282.95
6160,219786.98
4181,149106.34
4230,160220.75
13858,163637.73
15871,285523.72
7564,359137.75
14463,450060.47
15115,231245.67
7533,122937.13
9862,166154.75
5708,320964.7
272,208586.67
4612,224073.55
13336,184662.47
13944,183931.9
3517,237055.92
422,297822.06
12769,147767.08
16079,270691.7
4398,234369.88
8250,120085.6
8900,194780.33
10819,191267.75
10551,156758.88
3418,316170.12
3889,164154.81
1186,190962.36
15227,365566.47
13432,498783.97
10654,334963.94
7306,175523.77
16325,289349.38
7510,257576.22
7237,124777.46
11812,364879.25
7823,185004.52
10691,246361.28
12699,75886.64
914,196751.12
12160,242635.39
4600,225995.5
5649,152958.84
4896,194937.94
800,220747.6
10111,196352.33
3690,197047.86
10150,311653.03
8099,145835.03
9526,205687.58
7301,405160.34
655,112245.16
6187,412888.66
839,230221.22
10505,168248.47
3830,108818.82
11301,157671.75
11895,188658.14
3102,118755.375
12351,123346.875
15378,490592.56
9593,290821.56
5302,150510.62
7585,416244.12
6785,207248.39
3611,205161.23
15888,145010.4
13152,206586.69
6208,202289.28
13734,151017.72
9212,306242.1
6098,227735.5
12314,234081.69
8848,205859.88
8951,155007.8
13572,210216.33
15907,308343.16
12325,218360.45
14000,342585.47
9515,169603.89
4514,269250.9
11968,379914.44
12452,194673.23
2163,269081.22
14538,183699.64
11324,185119.11
10441,162189.56
1952,167119.67
11680,166863.19
16190,296355.34
7649,314575.0
5839,123395.78
4659,170770.42
2273,396822.78
1829,142135.7
3776,261024.72
6607,158158.4
10395,132310.86
10667,335277.94
10950,224872.12
6339,160182.08
12038,266693.16
16128,181775.8
9406,298423.66
13386,185670.95
13063,206477.03
7319,150509.5
11475,153134.84
4109,182412.11
466,166853.08
7169,129409.27
450,179136.7
509,288301.06
14114,223102.67
10865,159330.6
3497,196180.0
9089,206081.97
13675,203312.11
6672,210245.8
5464,168036.83
16267,187364.62
6372,417804.88
4499,200318.81
16547,179152.56
11454,302587.53
16645,406085.4
9569,218173.61
3279,271660.53
12042,357160.84
2547,179423.31
16013,242293.02
12929,204998.86
12343,241545.17
10359,197189.97
12543,191814.12
14928,463158.78
11319,212268.73
14724,218556.56
2850,201023.84
10775,320453.75
8462,191383.78
4724,224747.03
6723,188158.27
14180,247850.83
5593,395129.62
9151,407829.88
8697,483722.0
10758,406864.38
4276,227440.03
13655,340906.22
13674,261649.14
10057,125227.516
10732,153635.0
160,165120.6
7451,187874.45
3512,282450.44
3925,173627.0
14897,140065.28
15963,212103.36
13805,97998.72
6894,105205.88
14327,171185.86
11838,126010.12
12255,163327.95
6587,177680.27
6923,158619.0
8885,153746.12
10486,125552.49
4722,420656.2
14740,222276.16
4754,155193.8
8674,191555.48
13252,171316.98
1905,173344.66
8585,211089.88
11503,179972.81
8979,211987.97
3879,330603.94
5165,203820.61
4200,171701.56
15206,158027.12
927,179693.75
13132,188706.77
8640,269002.0
14157,201784.83
2991,467119.94
15401,232057.5
16356,188723.42
10857,112821.266
5651,166420.47
14405,204457.47
9176,281045.06
16326,155248.3
10397,172838.11
14371,182099.14
10577,126269.54
10605,243204.33
8441,178090.38
9546,114503.586
15433,248051.08
14106,185296.61
13791,200458.47
123,227938.53
6786,193099.44
4618,128456.98
6750,170229.66
2188,163313.88
4729,215525.77
11082,143640.89
947,286779.8
1066,172190.56
13916,275694.1
13134,307368.47
15755,159872.27
14683,262483.47
5590,169481.69
11704,280375.12
11544,176513.94
9457,159424.9
336,245672.52
8667,352458.16
9989,407267.62
3786,92945.81
1467,383102.06
15239,241377.14
6380,257732.03
15200,250280.8
10378,283142.12
9867,203947.66
12443,201428.72
15298,320184.25
9136,187248.05
6713,248826.84
15472,193185.95
4064,203072.08
13576,272360.88
10634,290478.78
13257,126010.6
14535,258248.94
13262,388554.06
13852,123756.21
3238,182594.11
2029,201687.23
1542,249558.23
5796,172829.42
6273,193068.83
8207,89485.88
13913,162041.28
14113,110492.12
11094,154624.97
3598,419460.38
11881,156687.58
4186,312750.12
105,304834.84
12712,202644.56
10699,204975.33
1522,112286.16
6406,184166.16
2600,282619.72
12800,235134.12
14794,158303.06
832,164882.48
11005,233756.81
1329,217636.44
9621,111969.484
3543,196867.98
1234,224138.94
14715,349537.16
13218,187823.81
12522,108261.64
15168,196028.33
3344,173350.38
7989,163447.28
13592,397850.28
2349,109074.0
87,78613.68
3648,150548.8
15383,178495.56
4245,152985.45
3037,330768.88
4963,225578.44
12513,211067.78
11906,429844.94
6321,216212.52
15889,189280.58
16390,208309.23
11080,235421.02
4201,119007.38
3696,198305.81
15188,364095.53
1475,313357.78
15248,469291.8
5836,199663.89
621,327555.8
15618,124268.33
11070,501229.03
5126,261934.1
3191,273800.5
4786,229703.86
6620,249482.4
9169,184547.03
15908,207514.84
5512,141441.33
16496,231062.48
4052,406447.12
1158,192793.61
5860,157878.2
907,187790.53
10880,280881.97
2406,337427.28
16135,213925.66
16655,207992.12
15009,169819.88
9075,146771.78
15211,254966.73
11972,176976.9
7343,171631.66
10693,230115.62
16611,135577.72
11189,129367.88
14873,186484.45
2863,194058.42
1616,127376.09
6932,125291.0
10136,143361.05
430,191378.94
2978,226791.31
9667,185445.56
1215,130602.62
8651,137444.48
11529,153119.66
14115,181996.92
13842,115945.02
12668,192999.19
11298,193734.98
14801,199432.77
12346,233054.0
7741,194118.25
9160,165724.89
4285,197769.08
1738,246474.88
16527,184814.81
11797,83637.71
11537,131677.75
11661,141249.92
16296,287912.1
9835,176564.27
11551,202415.0
7868,518768.47
6828,163886.25
4870,155293.78
14037,196630.53
10255,213667.52
13980,130324.12
12720,176903.8
4391,133121.55
15559,170542.08
11971,252045.06
1294,210694.8
4639,211569.12
10815,235804.62
12270,247276.84
9322,230719.27
14633,130394.8
3733,188277.64
9311,161189.58
14855,284206.94
13819,149321.83
912,377848.94
13565,130154.26
5546,238118.88
14337,243516.1
5902,163766.34
3939,175384.08
12958,227789.45
6810,165826.33
6464,341899.84
15753,233316.83
8295,207330.25
4190,147265.2
13160,183005.53
11609,300263.38
6477,147939.33
7833,162293.03
8088,240102.97
7090,207664.52
4818,202923.0
3010,237340.5
2954,252160.36
16552,181289.02
563,197453.5
13208,267770.22
12886,120247.8
9235,148286.48
2397,232933.25
3059,225101.56
8245,189760.84
11636,202409.08
694,223413.17
7222,167975.19
13986,365478.06
6083,98025.875
9782,171040.02
13060,240917.8
6144,297645.6
15637,212100.83
987,387569.03
10696,298088.16
5319,143414.44
16119,316128.34
8198,144558.4
14721,206399.53
4704,231945.38
8806,326692.28
14764,152692.08
14233,122611.12
14252,303635.7
9139,133666.88
9297,317523.1
8288,236833.9
4879,330920.16
6384,182810.19
7438,190986.45
116,238544.22
364,160342.73
2690,165794.44
2193,395998.84
1228,189150.81
7607,210906.5
6378,141440.83
16520,208698.38
7737,232276.88
15652,146766.67
15578,155695.44
10823,126793.64
11027,121017.55
7076,190580.53
6451,256169.38
15589,165899.36
9532,166921.33
4148,174426.92
1222,323058.3
8066,172427.95
2227,148761.25
8814,322228.94
7121,187495.44
8265,118746.375
2848,174430.64
7971,163828.55
15812,258854.06
2238,202302.81
11569,217749.38
13631,158471.64
13209,185988.02
5448,206522.81
5974,389963.6
10379,182584.83
13829,181675.27
7552,482006.7
11205,181896.2
12787,183061.61
12773,422981.78
1501,311910.16
3650,202532.19
14850,197784.77
8174,107710.18
5565,186372.05
11832,171751.67
15866,157617.58
8742,110719.76
5271,160490.53
11697,233825.73
13516,178517.36
6408,141663.81
15545,201021.67
11148,122132.234
1585,267723.8
4609,169582.17
3174,400653.3
13784,227331.94
7889,123282.15
9385,328680.28
4058,491730.03
6783,210019.92
14676,143452.8
3284,150488.44
4988,177355.0
13369,187223.22
10107,281047.25
11456,168757.97
5837,419566.84
2637,175252.86
10785,371997.06
109,344803.16
5968,65517.953
976,146359.75
882,141232.1
624,158300.78
11904,316086.38
15314,119190.57
6579,97168.46
9199,150255.4
12611,138634.61
2898,195943.44
8461,231272.72
15020,204542.61
5652,133609.08
14262,222736.58
10156,307578.62
4461,166894.06
16666,360660.38
15818,172675.36
4940,220295.55
9403,179031.44
13638,323097.1
6918,227975.52
16307,223624.11
4133,95897.97
12316,328364.84
1655,359806.12
9398,241377.61
4271,249748.4
7584,278689.94
16502,501685.88
7732,182473.94
14812,326719.56
5083,257563.9
4385,246775.64
4024,191710.6
5925,122177.516
5603,272521.2
9172,244978.62
9485,236102.12
337,170255.31
9767,180016.44
8228,195643.28
14346,176188.4
8946,186536.73
11285,301972.6
10588,330294.4
16737,211250.94
2262,211203.88
12102,198368.75
9851,163056.47
941,230396.5
10571,324531.12
11487,231085.11
12137,440786.62
10549,152843.53
11359,136054.36
7724,186724.28
6877,121806.63
12946,121893.02
10555,330501.84
2733,124532.695
734,201675.03
4572,140433.12
9888,339790.38
5547,258235.84
9473,148383.34
10427,260737.53
12081,234246.12
10888,341261.2
4834,186926.25
7141,144020.11
3282,153930.1
10028,388431.88
13941,147482.67
3897,143838.44
3838,156280.44
15315,135060.5
4623,347678.03
1119,205450.22
6031,191913.23
8516,128160.98
9415,147240.34
10798,108058.32
13666,126589.19
11068,362940.7
1489,151509.86
9467,277778.53
1946,298980.38
6511,141882.06
306,178827.36
2837,339546.4
9949,176732.64
12571,266306.84
9991,192107.73
10974,209255.27
5102,246771.14
15565,139790.77
8320,189432.53
4205,226629.89
14341,274335.7
12738,318732.28
7959,124347.16
15526,291066.5
9391,199792.89
13904,143304.39
5423,140576.89
7852,186882.52
16525,84182.67
3823,276985.84
1858,184023.53
8638,448849.28
5777,188982.06
10277,167276.06
8002,282450.97
11877,201040.56
3964,195834.86
16783,343075.75
9896,183628.44
1733,168648.72
12470,269809.16
12569,294546.44
744,176825.52
13608,195989.42
3980,229413.17
13468,159291.17
15482,316143.4
4135,152176.73
8982,473057.72
1928,221273.98
12408,215729.64
2316,78558.05
3340,166287.27
7512,118276.53
10170,226854.81
2558,142093.53
16236,161912.84
9115,89051.57
11183,416991.03
6603,263261.7
8548,381393.75
13883,187237.95
10766,266565.66
9575,258544.5
12048,176300.97
928,201729.19
3068,231720.08
7603,184302.9
12725,173213.92
14089,162496.47
13055,181724.38
16602,183961.33
2797,242422.5
7467,115603.27
651,184973.23
16374,203211.52
16544,159362.34
3098,177176.89
3015,200734.83
13224,202930.03
11299,187661.98
14583,128911.93
4033,150312.38
12076,248547.88
15017,164201.47
13881,298000.2
13000,182522.52
676,236099.97
6331,407745.88
7681,216888.75
1435,290422.5
2966,229826.4
5825,309428.9
5422,414830.34
1663,170889.36
15561,149039.0
10062,270535.94
6476,181877.94
1957,185340.53
10795,184263.1
16197,115873.14
14421,217423.72
12994,187075.56
3493,176848.72
11545,144803.05
6726,149073.56
9513,193892.23
12556,132025.6
9553,163177.58
3734,332881.12
3109,235038.0
16319,204126.69
5959,222110.48
6683,231048.5
9438,155821.98
15857,275157.28
2421,256116.48
11540,216438.7
264,224306.62
16561,231055.03
12288,237440.08
9570,211752.36
5936,161555.75
11390,120537.83
6551,186576.11
3946,215989.66
7746,211464.23
2838,140616.61
2472,203900.48
3520,191272.94
1341,353240.12
3910,334669.8
5208,142957.77
12599,193902.4
2475,244637.5
10966,186803.52
5910,217697.0
11910,191662.47
16221,98674.55
10591,156888.19
3744,211477.81
6618,413409.1
8676,404014.1
11193,178798.56
12659,237377.62
14101,180919.72
14483,166050.7
8107,278499.97
10681,173143.06
10126,206507.61
4527,212399.03
16537,215026.47
15403,207221.64
11124,321498.03
7468,158163.8
3172,165675.08
15847,156231.12
8211,506824.2
9459,224180.48
5903,293278.62
7232,161374.75
3180,191254.94
7147,375130.56
10105,170809.25
7338,128496.5
2446,231678.95
6466,122606.805
5782,130684.92
6526,109798.97
14982,221007.06
14639,277767.9
16052,219331.89
12587,156218.6
13192,78711.82
9342,308384.66
6052,145291.64
7987,185621.42
12165,292456.2
15151,447594.94
16728,170617.22
12735,217924.19
939,173195.67
10983,177721.36
1385,146322.03
1892,182334.27
8352,138454.88
79,174462.92
7171,184548.16
6194,214862.72
6973,169107.66
13786,182099.34
2578,297452.72
11344,170318.3
14536,238871.25
13518,203052.95
15855,316439.1
4387,245064.36
1596,242527.64
4699,394855.28
4559,394180.88
6613,233683.55
7489,130170.9
2127,180527.2
16668,494989.5
5919,107673.56
7696,153764.42
12287,262271.6
1053,264286.66
7924,245052.67
16365,258320.1
13988,405210.78
7415,212603.14
6661,138580.48
14496,173329.9
15112,165975.6
16444,149533.89
8992,216692.11
11054,373738.94
3570,130287.375
11016,70054.29
10455,146279.88
10478,224943.75
7751,185351.6
7913,350458.25
4883,193210.44
12728,415855.4
11482,192939.86
12561,161592.84
2207,250081.03
11946,143617.33
10552,269015.28
14673,149051.39
6914,176065.33
15988,142632.97
3878,191521.06
13937,185767.44
11208,203496.14
3466,111194.555
2799,181853.05
13802,245612.03
15790,135598.52
845,330957.9
13261,203666.08
9986,191008.75
4771,272920.47
11763,250086.48
13249,499750.56
15982,227321.23
5295,164153.38
2828,255934.81
12717,210285.81
14541,148033.05
12898,150159.92
15190,332541.6
13553,272180.28
11589,208016.9
13168,189593.61
14224,186879.0
11844,240164.97
14578,134896.6
6770,244344.27
1003,127713.516
6716,157208.36
6204,390459.25
10213,290501.94
2961,195974.11
14134,177904.08
9134,181040.55
9906,303135.44
12114,216643.55
12706,170337.0
192,242293.4
11022,184848.23
14712,311041.1
2659,491813.03
7602,202473.27
3009,120226.55
4533,533953.6
5620,172709.47
12312,151261.73
10896,177101.84
7532,155029.33
5696,421105.72
10743,389942.1
16708,163752.03
5430,179950.33
4362,188220.56
15599,178908.42
8197,134856.31
8502,105135.445
554,114955.1
16301,162658.19
6206,390654.06
10523,196976.27
7221,201740.78
5906,182512.0
6724,164597.78
9167,208069.94
10380,218156.83
6209,151438.77
14298,126535.98
6854,186721.0
15218,175201.58
5081,179240.77
14572,212893.39
7743,215350.98
11071,227345.88
10673,161571.8
16276,328009.0
2840,197479.27
14414,446102.88
15739,277582.75
4743,156872.55
3156,346491.94
14879,179938.97
758,145532.95
14304,166408.64
1210,279685.34
1137,158121.92
6026,187983.55
841,152086.2
3993,162435.94
16554,336691.84
27,158117.2
13015,199671.02
9428,159189.11
6885,178150.81
2410,175446.5
743,274713.4
9361,361338.75
14016,197390.77
5040,373407.47
14255,158144.1
291,211728.56
3937,193309.78
13374,270574.3
14948,226183.19
37,123896.26
8226,282470.06
9547,148401.44
1000,254913.2
12406,148742.31
8314,211985.58
960,151475.22
31,220668.8
5905,139989.75
15833,439593.5
8146,248557.58
16718,111914.5
2231,183987.44
11286,202745.03
8275,149778.75
16706,520297.72
6594,118351.94
15521,239022.58
1131,228815.47
9595,169947.78
8354,252983.78
15777,114565.26
2330,303852.66
13382,289557.8
16721,90859.96
11393,202981.61
7009,203067.58
1474,155324.73
5816,162892.94
16032,205212.88
3422,446561.47
7231,168440.22
1565,166450.78
10574,139740.4
1107,174258.2
1458,165883.28
12716,506651.5
14039,165060.8
7099,274941.4
4498,270703.25
16394,115095.484
8760,157990.2
5016,144907.34
1097,86217.88
5433,175272.28
7847,188344.62
2903,401839.62
15929,217175.97
9066,394048.22
16152,241432.88
12383,297418.56
7591,289986.0
15435,163432.17
1556,261211.03
10644,254523.12
5333,173903.03
4266,230806.47
7946,234376.4
15594,181982.78
12127,209657.86
7697,519183.25
10020,179831.64
8999,274004.53
15708,178481.83
510,285231.84
7239,126214.58
414,330151.7
9095,172852.95
6136,189614.53
12482,215509.98
1254,141613.27
12989,203136.34
2923,305307.56
13845,123639.83
11169,176068.8
3031,398374.53
12704,303918.44
3430,181693.44
4483,120263.625
1438,139087.6
7790,147369.16
10260,182473.94
8340,183544.98
11099,134988.95
4392,159875.77
1551,200661.4
6566,293393.34
12689,165728.72
16117,188000.16
2800,423685.06
7779,249366.83
4546,177164.8
16734,226819.78
2506,163427.55
12457,154213.67
14626,179761.72
9816,173196.17
5055,151569.02
13894,183875.94
2676,181612.77
13860,216381.97
3029,189685.53
5048,232033.88
12857,140129.14
15813,141240.06
9973,153380.7
6664,275041.94
2764,242177.48
10746,126708.37
1068,236663.52
6797,265822.1
384,138089.19
16012,84902.32
10891,279214.56
1110,120993.66
10284,350968.84
15508,170799.3
6000,71380.69
15275,233989.17
5312,127369.06
391,152474.12
10154,170304.06
7256,190186.25
7947,181176.8
4097,147286.2
1526,281517.6
16261,258311.97
8470,141276.8
3270,218910.61
11212,298618.3
1261,183749.47
13456,128430.93
3862,199461.94
13241,199909.75
8526,252579.69
5013,253602.86
10205,359264.75
1346,205192.58
12977,220036.33
10073,157579.73
9623,200792.48
10590,185556.98
2773,232993.72
4444,269795.06
442,192141.81
8376,225771.25
13461,190365.02
13229,165311.88
8718,185442.2
12847,177990.42
12117,232528.72
14510,158821.19
9254,288505.72
16290,239718.08
3936,222606.33
12526,178426.86
7302,275661.88
3268,210391.42
13230,238647.98
12695,201852.8
14761,263997.97
15771,250866.48
12598,249742.16
15357,158969.61
9874,101405.055
7582,203212.25
16604,444122.66
2023,156624.97
13932,176352.55
13300,98620.52
14040,194054.67
12612,163996.81
14843,280553.78
5242,168634.61
1343,144091.33
14576,183166.39
6257,128477.89
25,173817.88
11043,236772.8
5047,87496.51
16080,224936.1
2161,215389.5
2444,171598.23
5459,233904.0
9033,139035.8
11539,225025.44
14256,187718.12
9219,271342.34
13840,323391.3
4848,196314.16
227,170156.86
6238,214308.14
15530,177897.7
594,134790.17
14505,107086.56
11748,258863.89
13771,152309.86
5778,215289.55
9820,116088.125
14066,191884.62
8498,197642.25
6058,251269.0
13661,215546.97
7992,187306.73
10264,100532.64
6924,185438.27
9183,169524.2
13325,230223.27
10467,76239.055
998,235554.84
3700,204878.47
5094,240191.5
11643,136257.23
8496,176863.11
16487,115232.04
7810,302467.56
15418,164658.2
16355,226679.44
3194,180149.6
9278,213067.55
2707,144258.36
5688,384955.78
7883,203715.42
5250,341516.84
12794,217250.28
15958,320421.6
68,234069.55
9505,179287.22
4162,188920.1
14730,152214.34
14671,341761.06
13981,252599.47
4445,279768.72
15067,163100.95
444,224814.61
1613,224284.77
8509,440889.0
877,128683.89
5170,266724.75
9846,342601.72
5915,177738.03
12459,227673.08
11318,202007.72
16009,235838.0
14466,374142.94
7896,191239.45
11280,169529.75
15529,283995.4
3859,388437.78
16193,179055.38
8796,137261.0
13010,180761.42
8672,140276.36
16756,125032.7
6929,334503.6
6288,248093.06
2842,215924.66
13446,507934.9
10235,159950.53
7654,206520.02
15967,247258.98
8048,189394.72
4253,285656.16
8004,251286.48
1397,404680.78
4799,370884.6
8558,160105.84
6060,264717.94
5608,175279.34
10515,236930.62
8931,231484.48
2396,257092.69
4022,138589.9
12471,258119.34
1711,209197.84
11430,191641.03
9829,199064.47
4425,199969.0
9803,337384.4
4651,335499.12
2189,302921.4
6368,270441.53
6568,197942.2
13827,75093.85
4375,430329.34
5622,197201.14
10559,112195.64
10985,370067.4
159,339212.38
9038,202473.27
9382,362850.78
11998,227290.75
5184,235783.45
10542,158787.86
3537,72206.164
13475,153795.36
15536,333782.5
6948,297536.38
2888,256402.25
2830,205251.44
12064,192452.53
8922,224285.34
16427,190665.66
14051,102238.43
3251,315801.0
14202,147767.08
13756,142041.86
1421,132541.61
14187,193258.0
10166,245245.03
4923,104550.21
11570,217716.27
9844,175543.38
918,161868.06
8919,296606.2
8818,156850.08
2949,184996.27
2423,124235.28
15361,147456.16
13254,109235.63
9692,230027.33
7271,292395.53
2017,249821.89
4036,153608.73
11373,213295.05
13377,277067.7
9977,196480.56
7410,167704.83
11817,231303.53
2573,183004.75
6543,200527.25
8819,180404.97
312,117432.98
14517,214454.84
15090,287457.1
10789,180882.62
1910,191779.39
14652,215856.86
13121,219061.17
5125,233377.77
1959,208839.78
12034,288783.47
15595,121569.94
6153,148857.34
4053,193471.11
10877,284655.03
4529,192187.2
10158,216685.73
9236,195297.02
5299,294842.34
13059,205458.55
11152,257970.83
11914,364720.3
2442,345131.4
7044,177759.78
5893,186091.66
5035,121151.57
979,291331.38
3409,177117.98
6675,198138.14
11650,260659.69
5611,132425.23
5956,147536.94
16435,207842.03
14599,169147.84
4215,193096.02
8873,156924.53
14918,274432.5
10011,151540.23
11446,232782.23
1535,168209.08
14241,193574.28
9543,204968.19
10979,189383.98
14215,410959.2
12365,191561.28
6681,181026.98
2924,195685.6
6445,272432.0
12032,200771.45
10702,178031.83
2974,175111.86
3877,177080.28
15147,180418.83
15984,250506.25
2324,437154.28
7499,297210.66
3801,342699.34
4284,238479.52
9329,189813.7
3120,313768.25
2531,147329.22
13762,142641.55
3691,181175.4
8058,194690.7
4897,172165.83
14925,203316.69
4330,136769.55
5453,182292.6
6559,217055.69
425,369873.06
14024,179329.84
10413,160193.9
15294,179550.42
2821,280811.88
11509,107770.88
9074,176352.55
16091,319811.0
3642,193631.12
16124,198357.69
16449,159461.95
8684,175670.03
2392,322636.94
12234,215658.95
14199,118700.93
834,309897.44
1484,186091.66
15653,145290.73
11663,171040.02
15397,354358.03
11385,194014.14
10151,174216.69
13263,137336.16
4505,246248.86
1851,143045.0
15471,143244.62
6560,224799.7
4007,361844.78
10251,234597.58
265,153172.47
14770,187561.17
1353,206448.11
16335,224442.84
10859,178958.66
641,204942.3
11985,210825.83
8076,191661.58
14160,189517.95
12506,300703.34
8809,200661.4
6957,164246.64
4478,123600.69
4749,200985.5
12322,179482.66
13910,157474.83
8252,198355.84
2431,251020.38
12670,116518.71
7537,171721.98
4637,383325.9
2538,173504.77
15290,230305.95
16072,324303.6
16740,122611.12
6078,186610.98
16723,179377.42
3847,205853.19
5999,91690.84
7678,227924.58
4862,152851.58
12468,153509.89
13409,338721.47
12380,227717.64
8962,125670.73
11004,268909.66
792,153603.9
5687,200955.66
3906,136422.3
13554,128361.29
5863,117651.67
13459,143361.05
12378,266756.3
9935,143186.67
5674,177831.17
4535,251028.4
12310,373515.25
7048,164469.69
1143,340660.38
16085,177208.97
5358,179598.98
7100,223546.88
10384,171228.27
5006,193621.14
7371,161558.38
4720,163769.14
7577,259232.92
15196,193633.83
8467,333910.7
5251,143201.84
9220,146447.1
2151,167150.81
8081,276256.9
15824,168181.75
10545,301382.2
13403,366027.62
1559,72388.69
16795,173246.92
6293,176640.14
16024,203752.39
12167,172801.62
3078,124912.31
6736,210126.67
12124,359041.84
6489,265299.16
2778,195525.22
13074,164765.14
4075,146298.03
15195,240894.12
3160,148209.17
1272,239419.56
14776,240472.25
8497,284512.2
4,227952.11
15732,354065.44
9111,506856.03
10748,187666.75
8944,186582.92
1906,155998.34
11283,107357.5
14269,126675.41
16232,179966.1
1839,297661.38
7894,353564.2
5703,167575.1
1347,313319.3
4849,77863.76
5618,143657.28
9672,204705.61
2638,148145.4
1962,347875.56
11717,236697.53
13358,355451.25
8258,71755.555
8822,215208.56
2927,183554.6
14741,342921.0
8216,147972.22
12317,119759.555
13133,234656.48
1286,178157.5
13116,133040.42
9198,125840.125
13679,195611.8
13877,149670.02
5946,127559.27
7428,203212.25
1073,290610.34
13970,156629.9
8466,182473.94
13135,159731.19
1778,195366.31
195,206271.64
8973,120618.94
10674,162033.78
12350,137107.4
10295,135359.58
7251,314959.06
9245,194651.69
9126,157468.95
7740,229779.3
8956,170927.45
13686,169539.75
2864,165004.94
7110,147635.62
11331,186594.23
16637,173592.52
4580,314290.75
8909,416211.62
11932,223381.56
5243,188532.6
13419,286944.53
3459,257208.8
7053,404550.34
14691,296443.53
12535,166016.5
560,368793.62
7514,233224.02
5305,175108.06
11231,253039.88
8803,121778.336
9791,167847.48
130,180502.5
5874,396999.28
1440,189141.36
6474,167061.83
12168,213628.39
13187,396693.66
9831,243184.83
15943,215103.92
15846,141602.84
1402,201103.72
4968,236570.66
5131,197909.42
15580,110027.65
10869,216709.95
4679,178729.3
13908,146405.88
13489,234212.05
16352,125975.93
5691,177934.89
8780,254947.42
11933,300155.78
4136,368395.75
12873,185606.42
13330,211774.31
797,139318.6
6450,419308.25
10056,158835.1
1050,167395.53
1202,172345.03
6680,120209.4
174,188312.69
6337,136856.27
6704,180836.88
266,137524.17
9195,111481.99
14668,121204.516
9315,232751.89
469,286116.7
8852,201620.86
10907,229602.52
5287,391562.22
4548,284565.9
9637,185997.81
11010,172753.5
9564,172247.92
2681,107432.63
6776,172362.78
8311,184973.23
6580,177902.12
14417,170208.34
3892,192433.22
4929,169562.67
7340,260355.95
13225,188365.2
5581,118975.22
8015,130547.375
13567,132887.28
10596,196263.31
11291,160054.03
10901,257228.66
9349,247654.97
4030,250097.16
8357,187768.95
829,174624.27
5529,414119.12
4134,211400.61
4867,203331.44
903,199694.22
3701,174495.9
12916,101450.15
9031,210568.08
1965,271576.0
13851,265240.94
9314,207862.78
7386,180018.45
4088,172135.34
14907,506394.78
5991,205963.56
10265,283233.9
15260,168558.22
8053,186991.36
9577,256032.34
15509,143808.02
12153,255912.67
3218,221121.78
4740,276309.94
682,184710.55
12176,221855.1
12385,151015.53
2523,95891.03
5801,179044.53
12751,156693.6
15121,195677.75
517,379575.16
4822,259356.72
1129,354035.3
12396,170122.03
11329,242169.62
11856,296743.38
3653,194124.34
13404,83606.38
14486,403046.3
3502,179800.89
7717,87275.27
8808,179728.31
11676,208614.02
7033,262614.75
1681,172319.81
6658,142707.14
959,428417.6
4871,204859.69
6946,191953.58
13763,224775.14
15320,279914.06
3065,135024.89
14742,160352.66
13959,128641.516
2427,166860.94
1716,279532.28
6258,122611.12
16677,156217.2
206,375875.2
13659,493849.03
7782,143414.44
3308,124667.21
9073,122982.32
6342,442971.9
868,321057.8
10153,242373.61
16788,152693.23
14886,160891.48
4674,181775.39
13599,147450.56
6851,227365.45
6443,216246.19
9903,158116.0
8321,316883.62
10686,186424.78
11106,141294.69
11845,126125.04
2439,267380.4
5461,465877.1
14559,214225.28
10215,180088.3
13566,365040.12
16563,133697.02
10492,279719.78
13847,214867.8
3607,198894.0
2844,150167.95
3499,159709.95
7478,280267.22
4728,285301.97
10883,166769.86
13602,90062.82
3751,139266.48
10299,183777.22
13023,163574.97
14498,230372.2
13601,129887.93
5787,148373.12
7853,161466.66
2429,292534.56
2359,289182.16
13926,255126.98
4278,154125.98
14307,227418.75
15677,356409.6
9,126988.54
12630,159539.14
16428,369573.66
13285,209259.5
7902,134882.31
866,106297.68
6077,157603.23
4015,318295.56
16350,172156.84
14793,128115.63
1409,193589.86
5199,144260.9
12036,277208.25
9654,128934.516
13106,180384.83
11780,166130.83
355,193690.4
6247,143197.17
1045,241490.1
4019,232669.47
2048,221426.56
14586,88243.95
6720,189764.73
5509,124469.63
8463,273700.72
3202,242436.8
6910,153911.98
5701,255213.23
1,253520.08
6853,157355.03
5386,204478.86
9251,224420.02
8580,181576.5
3644,217142.66
3258,185134.45
329,200836.34
5038,244167.52
2526,181775.39
2082,391071.66
11081,157709.08
3927,202053.92
12305,192041.14
10975,298914.84
2590,208743.23
9337,170516.7
9368,176111.5
16111,147773.31
986,300724.56
426,176200.45
10040,186691.64
16463,153124.88
3704,225563.16
15406,274432.62
10035,314109.9
16251,136625.19
9520,461223.6
503,201475.44
8260,245483.81
14309,236055.78
16054,322798.75
3885,238636.98
5924,147522.39
12843,171232.33
14300,120930.48
12608,261760.39
11437,171234.75
9535,164718.73
1528,193252.61
11518,175810.0
6401,269563.2
9129,166027.27
13069,191247.17
16607,181998.47
1473,278977.12
6085,217084.45
4067,247161.67
9178,178968.16
5090,144224.39
15046,298026.72
13621,170029.92
16065,205430.89
1944,185682.14
1060,255361.97
1764,262416.8
1705,188049.61
9961,110528.92
18,234725.72
10371,91494.82
13185,123007.01
13139,267288.5
3161,336876.28
11931,226780.95
8759,191123.28
12969,100824.57
14329,279718.0
3637,197490.98
1165,122107.35
9976,177623.58
16490,188007.11
2074,290070.3
15364,332631.16
11394,292298.7
10222,230215.64
5948,130165.19
7494,184441.72
6285,213101.92
15220,145993.61
3237,150785.86
3528,197899.19
6289,289336.34
15784,256328.05
15321,300432.16
4562,146707.11
6402,202632.9
12688,206973.61
3536,178136.19
8426,130165.19
12434,266759.22
5645,199479.16
15080,225443.88
4677,180359.25
9818,333758.03
13496,212819.02
15682,249601.06
6284,275160.28
14342,186273.31
8109,213494.56
14818,225316.45
5724,106519.23
7471,155944.33
14905,210618.92
9719,407073.1
10637,298382.66
12838,181911.3
15949,215547.75
2334,279374.8
3416,188338.02
12303,155524.64
528,173672.48
980,182473.94
1298,121085.29
13728,176618.03
10842,122982.32
14596,107993.83
1899,348072.2
16380,244749.08
7855,127283.47
8147,245590.45
11469,154392.11
5779,66684.12
3389,429043.8
7885,254472.1
5254,438791.4
6383,132754.64
3498,212265.66
16166,503936.62
2413,234261.77
14653,245213.31
9345,165527.1
13711,178418.34
822,204324.39
12640,154941.05
11954,271408.94
7914,364500.12
7394,212795.17
7354,178950.14
13058,155126.58
4836,250711.94
362,152225.38
9365,127435.516
211,125342.734
8543,159626.53
188,191592.11
14196,397516.2
7114,284120.38
13431,199013.7
12869,337749.62
16681,276004.44
16528,176179.34
390,354675.47
11752,150967.39
4408,147910.75
3315,190295.47
16071,203583.62
16535,71181.87
12463,234548.61
12790,227552.3
11787,128026.38
14577,205419.92
4431,288885.44
10286,140529.14
1676,287756.34
13993,206951.47
4761,179221.2
14670,201341.77
4795,275194.12
15411,229869.95
2909,71214.92
8236,397718.72
14017,148357.89
13974,228007.17
6513,228752.31
7695,161413.05
5286,178967.77
4902,257864.88
1124,291741.56
10436,192997.6
14749,260550.8
2609,214772.17
14548,178354.72
1566,157785.89
3649,155250.7
16101,233586.5
13095,166633.7
2779,180533.34
14203,138449.1
11019,180531.08
7653,170876.17
12835,168327.52
9683,278808.3
6955,122982.32
11504,139799.53
12110,169193.02
237,197081.27
2612,203154.38
8855,303851.9
8729,132344.84
11580,204017.0
13807,225575.33
5375,191819.55
16767,333877.28
14540,203936.1
255,262634.84
3586,160427.6
5671,216722.72
10311,344606.0
13280,218394.08
1788,208534.56
12128,182875.78
3576,413834.03
1285,223553.19
13502,186533.27
6518,215712.62
1729,148654.84
5398,174088.36
12539,243647.83
1476,176858.84
5057,280363.1
5133,235055.0
2196,506635.66
4041,204045.9
5252,83265.164
12879,173350.38
13210,203263.83
7390,333608.28
15942,144026.66
7054,130981.69
14632,237662.73
10208,220192.75
14120,176096.7
13607,213696.64
9647,217459.22
12134,191541.72
8593,135651.3
16231,143452.8
12474,156450.23
11640,148171.05
1685,120640.266
4474,148022.05
15313,210008.81
1736,143201.84
16471,177213.11
12517,218130.73
15437,214954.73
3381,185318.88
16555,143304.39
15738,177473.3
2896,117867.51
11356,316624.28
9734,143482.53
1890,166994.69
15344,193224.78
13575,113655.945
14595,209512.64
10567,234454.88
12889,185777.17
1213,210001.4
8841,104611.086
473,232104.62
14853,203900.48
15271,404130.56
14191,238128.36
12703,275426.03
2649,226627.84
14916,150196.86
8975,122444.03
12108,237222.75
6070,158064.31
15765,162943.6
3713,105056.836
1618,289079.4
13874,171583.6
4407,125882.016
8550,203978.19
15759,351124.12
7808,117996.234
1127,196221.3
13108,299631.28
4426,184414.4
6175,186861.8
7903,256872.08
2076,79863.375
9924,226716.44
2322,142487.19
13844,180130.92
13871,135110.58
5908,224395.23
429,507526.72
3443,140660.98
170,178581.28
9879,281838.8
15324,284431.84
15616,179898.67
14217,238584.02
5262,182519.7
13426,260670.77
13286,179349.5
10464,174139.5
10881,204299.7
12776,122982.32
10664,186145.5
15237,171224.58
15999,249402.12
4816,306742.56
13856,164657.44
2701,209854.16
635,165646.08
4016,205016.97
64,218082.3
4881,201936.56
7017,286551.28
7184,221983.28
487,152819.8
15897,395750.25
11444,146550.98
3260,163077.78
3127,170746.72
7899,139363.88
5705,203828.3
12960,226614.4
4046,179910.53
2190,303003.53
15787,145256.92
1926,248668.2
3944,187261.11
14709,244358.78
13046,166042.12
9845,170134.95
7432,107146.18
11524,222867.75
6393,168400.44
11323,149991.72
10352,248629.55
6811,360577.1
2606,285255.97
11660,410103.8
8305,190594.11
7357,240976.86
14796,191696.11
15587,141766.05
2461,327707.12
5605,175685.75
6554,176590.02
7662,241831.38
11798,211332.45
12078,198141.52
1758,123922.16
7661,456665.97
3335,172400.72
2854,227123.38
16659,235421.02
5241,292034.94
16469,405441.22
16098,188272.62
15049,167226.5
5152,82608.055
2166,161583.5
16465,189072.42
1768,122973.56
8744,171167.14
10594,171853.03
1339,155836.47
6998,186069.67
723,208797.5
11357,191491.33
4413,178472.28
5026,193477.88
4412,245505.9
537,149283.05
10270,117734.375
9571,239831.55
9969,222023.17
7822,69830.82
6621,195881.81
208,187114.39
5195,203775.33
7032,143334.61
8263,181592.33
14719,386043.75
15622,171012.97
4259,212352.48
3085,320549.7
172,182436.22
7130,144576.22
8767,167156.25
3087,165510.25
4089,246539.33
11477,126796.586
2246,188880.97
1793,190295.73
1630,192823.66
1189,123150.45
6050,242945.52
8752,146991.53
8963,179214.3
9671,395621.8
4820,147152.23
4475,174782.75
6396,210210.78
8932,178967.19
162,193097.98
10847,160879.64
5692,377465.6
7316,252758.47
5485,231754.84
9780,338445.47
7307,142528.31
9739,486449.94
7426,153785.75
835,167401.89
11744,276533.97
11907,215287.0
5684,192279.17
10335,121605.05
4466,198099.84
11593,127226.59
244,164693.33
15205,297959.75
6071,184263.38
9455,482532.12
15862,306777.94
8165,202796.14
5002,243261.92
5922,248130.72
16616,253992.95
7615,205869.77
7911,174813.98
7748,220136.08
11265,359811.66
15820,169627.03
6648,173775.39
7117,261098.84
10262,182464.64
2853,262459.72
4606,249294.05
12747,143304.39
3953,146830.88
3552,190555.17
2675,304086.9
4611,194517.34
2025,228076.72
5424,186115.97
8546,154661.3
8875,159726.62
2807,370625.44
8578,223773.47
786,322470.8
3945,207234.88
16733,127461.48
16191,165708.02
12669,176836.53
10493,156618.78
6671,221756.33
9330,255521.77
1622,158483.34
8713,210807.11
8696,264445.84
9187,209412.39
14551,169025.84
2646,300366.12
9563,306615.47
4031,150560.52
5155,188103.84
12116,351589.2
3834,371395.8
7785,209221.4
307,155412.75
13663,186161.62
16357,122535.516
10646,147347.14
5615,156164.52
4604,171751.67
9308,178854.03
16789,226604.3
15721,199642.52
4994,376606.2
5454,159067.14
4034,207290.89
1420,231741.67
6453,152181.0
8167,188484.55
11657,244553.38
14356,391347.94
2024,276942.38
7701,106606.82
6291,181315.58
789,193905.86
16315,280019.16
3677,179578.7
13309,157381.53
2088,100691.766
3707,182336.56
5240,223373.78
13197,229427.3
3147,145752.95
76,351042.56
14287,149538.14
7940,246232.66
2515,113490.8
4891,234140.3
7623,315582.2
10671,396608.6
13030,177799.69
14686,232409.73
13272,258917.53
14954,282041.28
16264,216579.58
14461,193371.62
13107,284882.7
8740,323608.12
2824,225332.31
1645,129163.95
15613,161258.2
4803,245292.9
971,156344.56
13952,178656.75
3320,169780.72
15110,144803.05
2440,186238.8
10462,143685.05
6011,349487.62
9405,125497.65
511,174043.34
4141,439871.03
11651,154062.33
343,203207.06
14750,228855.95
3711,167557.0
6322,147257.86
6533,206045.14
6089,272362.56
286,245562.22
7639,102214.586
16722,167593.75
9157,259392.95
7137,257645.17
6669,295495.25
3326,272051.75
5820,168771.17
11604,221560.2
16087,176615.11
5327,212005.25
13639,221226.14
349,320393.97
15181,247622.97
4821,217774.75
1740,192754.16
3450,152711.75
16064,124305.39
1804,109798.97
5296,131675.08
5346,498847.25
4723,358364.66
417,159218.89
15756,164819.72
14090,172226.14
14778,322087.88
2560,164901.31
12920,88614.914
8249,142882.06
7125,154827.28
11732,156311.52
13365,443056.8
5361,384939.3
15937,266477.88
2591,188236.53
15706,196635.44
2105,216211.33
7220,325320.12
14562,188693.94
6836,174385.92
8180,233365.55
4695,131947.83
5783,356375.34
4780,207872.61
12504,177868.6
